{
    "speed": 10,
    "position": {
        "x": 6.989017486572266,
        "y": 0.5,
        "z": 7.093043327331543
    },
    "HP": 22,
    "player": {
        "instanceID": 0
    }
}