{
    "speed": 10,
    "position": {
        "x": 5.599710464477539,
        "y": -0.1499999761581421,
        "z": 2.7998597621917726
    },
    "HP": 100,
    "player": {
        "instanceID": 0
    },
    "light": {
        "instanceID": 0
    }
}