{
    "speed": 10,
    "position": {
        "x": 8.16224479675293,
        "y": 0.5,
        "z": -1.3724184036254883
    },
    "HP": 86,
    "player": {
        "instanceID": 0
    },
    "light": {
        "instanceID": 0
    }
}